directory,filename,prefix,partition,accelerator,nodelist,steps,backend,caware,order,precision,nodes,tasks,etype,elements,DoFs,mean-perf,mean-perf-per-GPU
solns/spitfireSinglepartitionall_gpuv100_nodelistspitfire-ng01_steps10000_backendcuda_caware0_order3_precisiondouble_nodes1_tasks1_hex16,degrees_of_freedom.dat,spitfireSingle,all,v100,spitfire-ng01,10000,cuda,0,3,double,1,1.0,hex,16,4320000.0,1485047763.095675,1485047763.095675
solns/spitfireSinglepartitionall_gpuv100_nodelistspitfire-ng01_steps10000_backendcuda_caware0_order3_precisiondouble_nodes1_tasks1_hex32,degrees_of_freedom.dat,spitfireSingle,all,v100,spitfire-ng01,10000,cuda,0,3,double,1,1.0,hex,32,38132480.0,1646733371.782904,1646733371.782904
solns/spitfireSinglepartitionall_gpuv100_nodelistspitfire-ng01_steps10000_backendopencl_caware0_order3_precisiondouble_nodes1_tasks1_hex12,degrees_of_freedom.dat,spitfireSingle,all,v100,spitfire-ng01,10000,opencl,0,3,double,1,1.0,hex,12,1703680.0,1079933502.246683,1079933502.246683
solns/spitfireSinglepartitionall_gpuv100_nodelistspitfire-ng01_steps10000_backendopencl_caware0_order3_precisiondouble_nodes1_tasks1_hex8,degrees_of_freedom.dat,spitfireSingle,all,v100,spitfire-ng01,10000,opencl,0,3,double,1,1.0,hex,8,439040.0,434826726.590941,434826726.590941
solns/spitfireSinglepartitionall_gpuv100_nodelistspitfire-ng01_steps10000_backendopencl_caware0_order3_precisiondouble_nodes1_tasks1_hex16,degrees_of_freedom.dat,spitfireSingle,all,v100,spitfire-ng01,10000,opencl,0,3,double,1,1.0,hex,16,4320000.0,1408634002.802063,1408634002.802063
solns/spitfireSinglepartitionall_gpuv100_nodelistspitfire-ng01_steps10000_backendopencl_caware0_order3_precisiondouble_nodes1_tasks1_hex24,degrees_of_freedom.dat,spitfireSingle,all,v100,spitfire-ng01,10000,opencl,0,3,double,1,1.0,hex,24,15573760.0,1565692017.978304,1565692017.978304
solns/spitfireSinglepartitionall_gpuv100_nodelistspitfire-ng01_steps10000_backendcuda_caware0_order3_precisiondouble_nodes1_tasks1_hex64,degrees_of_freedom.dat,spitfireSingle,all,v100,spitfire-ng01,10000,cuda,0,3,double,1,1.0,hex,64,320060160.0,1643626972.586477,1643626972.586477
solns/spitfireSinglepartitionall_gpuv100_nodelistspitfire-ng01_steps10000_backendcuda_caware0_order3_precisiondouble_nodes1_tasks1_hex48,degrees_of_freedom.dat,spitfireSingle,all,v100,spitfire-ng01,10000,cuda,0,3,double,1,1.0,hex,48,132893440.0,1651946925.282919,1651946925.282919
solns/spitfireSinglepartitionall_gpuv100_nodelistspitfire-ng01_steps10000_backendopencl_caware0_order3_precisiondouble_nodes1_tasks1_hex48,degrees_of_freedom.dat,spitfireSingle,all,v100,spitfire-ng01,10000,opencl,0,3,double,1,1.0,hex,48,132893440.0,1625752976.375181,1625752976.375181
solns/spitfireSinglepartitionall_gpuv100_nodelistspitfire-ng01_steps10000_backendcuda_caware0_order3_precisiondouble_nodes1_tasks1_hex40,degrees_of_freedom.dat,spitfireSingle,all,v100,spitfire-ng01,10000,cuda,0,3,double,1,1.0,hex,40,75928320.0,1653556752.217587,1653556752.217587
solns/spitfireSinglepartitionall_gpuv100_nodelistspitfire-ng01_steps10000_backendopencl_caware0_order3_precisiondouble_nodes1_tasks1_hex32,degrees_of_freedom.dat,spitfireSingle,all,v100,spitfire-ng01,10000,opencl,0,3,double,1,1.0,hex,32,38132480.0,1606943590.926904,1606943590.926904
solns/spitfireSinglepartitionall_gpuv100_nodelistspitfire-ng01_steps10000_backendcuda_caware0_order3_precisiondouble_nodes1_tasks1_hex80,degrees_of_freedom.dat,spitfireSingle,all,v100,spitfire-ng01,10000,cuda,0,3,double,1,1.0,hex,80,631089920.0,1636163943.271758,1636163943.271758
solns/spitfireSinglepartitionall_gpuv100_nodelistspitfire-ng01_steps10000_backendcuda_caware0_order3_precisiondouble_nodes1_tasks1_hex24,degrees_of_freedom.dat,spitfireSingle,all,v100,spitfire-ng01,10000,cuda,0,3,double,1,1.0,hex,24,15573760.0,1613495587.277404,1613495587.277404
solns/spitfireSinglepartitionall_gpuv100_nodelistspitfire-ng01_steps10000_backendcuda_caware0_order3_precisiondouble_nodes1_tasks1_hex12,degrees_of_freedom.dat,spitfireSingle,all,v100,spitfire-ng01,10000,cuda,0,3,double,1,1.0,hex,12,1703680.0,1367391056.752909,1367391056.752909
solns/spitfireSinglepartitionall_gpuv100_nodelistspitfire-ng01_steps10000_backendopencl_caware0_order3_precisiondouble_nodes1_tasks1_hex40,degrees_of_freedom.dat,spitfireSingle,all,v100,spitfire-ng01,10000,opencl,0,3,double,1,1.0,hex,40,75928320.0,1616357723.238619,1616357723.238619
solns/spitfireSinglepartitionall_gpuv100_nodelistspitfire-ng01_steps10000_backendcuda_caware0_order3_precisiondouble_nodes1_tasks1_hex8,degrees_of_freedom.dat,spitfireSingle,all,v100,spitfire-ng01,10000,cuda,0,3,double,1,1.0,hex,8,439040.0,776693380.147499,776693380.147499
solns/spitfireStrongpartitionall_gpuv100_nodelistspitfire-ng01_steps10000_backendcuda_caware0_order3_precisiondouble_nodes1_tasks1_hex64,degrees_of_freedom.dat,spitfireStrong,all,v100,spitfire-ng01,10000,cuda,0,3,double,1,1.0,hex,64,320060160.0,1643657695.916504,1643657695.916504
solns/spitfireStrongpartitionall_gpuv100_nodelistspitfire-ng01_steps10000_backendcuda_caware0_order3_precisiondouble_nodes1_tasks1_hex32,degrees_of_freedom.dat,spitfireStrong,all,v100,spitfire-ng01,10000,cuda,0,3,double,1,1.0,hex,32,38132480.0,1646827759.248924,1646827759.248924
solns/spitfireStrongpartitionall_gpuv100_nodelistspitfire-ng01_steps10000_backendopencl_caware0_order3_precisiondouble_nodes1_tasks1_hex32,degrees_of_freedom.dat,spitfireStrong,all,v100,spitfire-ng01,10000,opencl,0,3,double,1,1.0,hex,32,38132480.0,1606733519.512344,1606733519.512344
solns/spitfireStrongpartitionall_gpuv100_nodelistspitfire-ng01_steps10000_backendcuda_caware1_order3_precisiondouble_nodes1_tasks1_hex64,degrees_of_freedom.dat,spitfireStrong,all,v100,spitfire-ng01,10000,cuda,1,3,double,1,1.0,hex,64,320060160.0,1643661984.116712,1643661984.116712
solns/spitfireStrongpartitionall_gpuv100_nodelistspitfire-ng01_steps10000_backendcuda_caware1_order3_precisiondouble_nodes1_tasks1_hex32,degrees_of_freedom.dat,spitfireStrong,all,v100,spitfire-ng01,10000,cuda,1,3,double,1,1.0,hex,32,38132480.0,1645781119.564381,1645781119.564381
solns/spitfireStrongpartitionall_gpuv100_nodelistspitfire-ng01_steps10000_backendopencl_caware0_order3_precisiondouble_nodes1_tasks2_hex64,degrees_of_freedom.dat,spitfireStrong,all,v100,spitfire-ng01,10000,opencl,0,3,double,1,2.0,hex,64,320060160.0,2923555723.549289,1461777861.7746446
solns/spitfireStrongpartitionall_gpuv100_nodelistspitfire-ng01_steps10000_backendopencl_caware0_order3_precisiondouble_nodes1_tasks2_hex32,degrees_of_freedom.dat,spitfireStrong,all,v100,spitfire-ng01,10000,opencl,0,3,double,1,2.0,hex,32,38132480.0,2567641588.907004,1283820794.453502
solns/spitfireStrongpartitionall_gpuv100_nodelistspitfire-ng01_steps10000_backendcuda_caware0_order3_precisiondouble_nodes1_tasks2_hex32,degrees_of_freedom.dat,spitfireStrong,all,v100,spitfire-ng01,10000,cuda,0,3,double,1,2.0,hex,32,38132480.0,2451936833.030617,1225968416.5153086
solns/spitfireStrongpartitionall_gpuv100_nodelistspitfire-ng01_steps10000_backendcuda_caware0_order3_precisiondouble_nodes1_tasks2_hex96,degrees_of_freedom.dat,spitfireStrong,all,v100,spitfire-ng01,10000,cuda,0,3,double,1,2.0,hex,96,1097440000.0,2985478599.777238,1492739299.888619
solns/spitfireStrongpartitionall_gpuv100_nodelistspitfire-ng01_steps10000_backendcuda_caware1_order3_precisiondouble_nodes1_tasks2_hex96,degrees_of_freedom.dat,spitfireStrong,all,v100,spitfire-ng01,10000,cuda,1,3,double,1,2.0,hex,96,1097440000.0,3224349090.074049,1612174545.0370245
solns/spitfireStrongpartitionall_gpuv100_nodelistspitfire-ng01_steps10000_backendcuda_caware0_order3_precisiondouble_nodes1_tasks2_hex64,degrees_of_freedom.dat,spitfireStrong,all,v100,spitfire-ng01,10000,cuda,0,3,double,1,2.0,hex,64,320060160.0,2844090836.902306,1422045418.451153
solns/spitfireStrongpartitionall_gpuv100_nodelistspitfire-ng01_steps10000_backendcuda_caware1_order3_precisiondouble_nodes1_tasks2_hex32,degrees_of_freedom.dat,spitfireStrong,all,v100,spitfire-ng01,10000,cuda,1,3,double,1,2.0,hex,32,38132480.0,3173697112.575652,1586848556.287826
solns/spitfireStrongpartitionall_gpuv100_nodelistspitfire-ng01_steps10000_backendcuda_caware1_order3_precisiondouble_nodes1_tasks2_hex64,degrees_of_freedom.dat,spitfireStrong,all,v100,spitfire-ng01,10000,cuda,1,3,double,1,2.0,hex,64,320060160.0,3227075065.049093,1613537532.5245464
solns/spitfireStrongpartitionall_gpuv100_nodelistspitfire-ng01_steps10000_backendcuda_caware1_order3_precisiondouble_nodes1_tasks4_hex128,degrees_of_freedom.dat,spitfireStrong,all,v100,spitfire-ng01,10000,cuda,1,3,double,1,4.0,hex,128,2621930240.0,6435123795.945714,1608780948.9864285
solns/spitfireStrongpartitionall_gpuv100_nodelistspitfire-ng01_steps10000_backendcuda_caware1_order3_precisiondouble_nodes1_tasks4_hex96,degrees_of_freedom.dat,spitfireStrong,all,v100,spitfire-ng01,10000,cuda,1,3,double,1,4.0,hex,96,1097440000.0,6493585195.660438,1623396298.9151094
solns/spitfireStrongpartitionall_gpuv100_nodelistspitfire-ng01_steps10000_backendcuda_caware0_order3_precisiondouble_nodes1_tasks4_hex128,degrees_of_freedom.dat,spitfireStrong,all,v100,spitfire-ng01,10000,cuda,0,3,double,1,4.0,hex,128,2621930240.0,5541138880.78811,1385284720.1970274
solns/spitfireStrongpartitionall_gpuv100_nodelistspitfire-ng01_steps10000_backendcuda_caware0_order3_precisiondouble_nodes1_tasks4_hex32,degrees_of_freedom.dat,spitfireStrong,all,v100,spitfire-ng01,10000,cuda,0,3,double,1,4.0,hex,32,38132480.0,3483997174.32629,870999293.5815725
solns/spitfireStrongpartitionall_gpuv100_nodelistspitfire-ng01_steps10000_backendcuda_caware0_order3_precisiondouble_nodes1_tasks4_hex96,degrees_of_freedom.dat,spitfireStrong,all,v100,spitfire-ng01,10000,cuda,0,3,double,1,4.0,hex,96,1097440000.0,5149288761.216609,1287322190.3041523
solns/spitfireStrongpartitionall_gpuv100_nodelistspitfire-ng01_steps10000_backendcuda_caware0_order3_precisiondouble_nodes1_tasks4_hex64,degrees_of_freedom.dat,spitfireStrong,all,v100,spitfire-ng01,10000,cuda,0,3,double,1,4.0,hex,64,320060160.0,4529496446.146836,1132374111.536709
solns/spitfireStrongpartitionall_gpuv100_nodelistspitfire-ng01_steps10000_backendcuda_caware1_order3_precisiondouble_nodes1_tasks4_hex32,degrees_of_freedom.dat,spitfireStrong,all,v100,spitfire-ng01,10000,cuda,1,3,double,1,4.0,hex,32,38132480.0,5994989859.328449,1498747464.8321123
solns/spitfireStrongpartitionall_gpuv100_nodelistspitfire-ng01_steps10000_backendopencl_caware0_order3_precisiondouble_nodes1_tasks4_hex32,degrees_of_freedom.dat,spitfireStrong,all,v100,spitfire-ng01,10000,opencl,0,3,double,1,4.0,hex,32,38132480.0,3479160570.659013,869790142.6647532
solns/spitfireStrongpartitionall_gpuv100_nodelistspitfire-ng01_steps10000_backendcuda_caware1_order3_precisiondouble_nodes1_tasks4_hex64,degrees_of_freedom.dat,spitfireStrong,all,v100,spitfire-ng01,10000,cuda,1,3,double,1,4.0,hex,64,320060160.0,6475885258.42829,1618971314.6070726
solns/spitfireStrongpartitionall_gpuv100_nodelistspitfire-ng01_steps10000_backendopencl_caware0_order3_precisiondouble_nodes1_tasks4_hex64,degrees_of_freedom.dat,spitfireStrong,all,v100,spitfire-ng01,10000,opencl,0,3,double,1,4.0,hex,64,320060160.0,4773958354.077486,1193489588.5193715
solns/spitfireStrongpartitionall_gpuv100_nodelistspitfire-ng01_steps10000_backendopencl_caware0_order3_precisiondouble_nodes2_tasks8_hex32,degrees_of_freedom.dat,spitfireStrong,all,v100,spitfire-ng01,10000,opencl,0,3,double,2,8.0,hex,32,38132480.0,3158443122.580983,394805390.3226229
solns/spitfireStrongpartitionall_gpuv100_nodelistspitfire-ng01_steps10000_backendcuda_caware1_order3_precisiondouble_nodes2_tasks8_hex128,degrees_of_freedom.dat,spitfireStrong,all,v100,spitfire-ng01,10000,cuda,1,3,double,2,8.0,hex,128,2621930240.0,11071134849.34911,1383891856.1686387
solns/spitfireStrongpartitionall_gpuv100_nodelistspitfire-ng01_steps10000_backendopencl_caware0_order3_precisiondouble_nodes2_tasks8_hex96,degrees_of_freedom.dat,spitfireStrong,all,v100,spitfire-ng01,10000,opencl,0,3,double,2,8.0,hex,96,1097440000.0,6165989423.075299,770748677.8844124
solns/spitfireStrongpartitionall_gpuv100_nodelistspitfire-ng01_steps10000_backendopencl_caware0_order3_precisiondouble_nodes2_tasks8_hex64,degrees_of_freedom.dat,spitfireStrong,all,v100,spitfire-ng01,10000,opencl,0,3,double,2,8.0,hex,64,320060160.0,6544329578.197428,818041197.2746785
solns/spitfireStrongpartitionall_gpuv100_nodelistspitfire-ng01_steps10000_backendcuda_caware1_order3_precisiondouble_nodes2_tasks8_hex32,degrees_of_freedom.dat,spitfireStrong,all,v100,spitfire-ng01,10000,cuda,1,3,double,2,8.0,hex,32,38132480.0,4395902554.347746,549487819.2934682
solns/spitfireStrongpartitionall_gpuv100_nodelistspitfire-ng01_steps10000_backendcuda_caware0_order3_precisiondouble_nodes2_tasks8_hex64,degrees_of_freedom.dat,spitfireStrong,all,v100,spitfire-ng01,10000,cuda,0,3,double,2,8.0,hex,64,320060160.0,6319975087.572284,789996885.9465355
solns/spitfireStrongpartitionall_gpuv100_nodelistspitfire-ng01_steps10000_backendcuda_caware0_order3_precisiondouble_nodes2_tasks8_hex128,degrees_of_freedom.dat,spitfireStrong,all,v100,spitfire-ng01,10000,cuda,0,3,double,2,8.0,hex,128,2621930240.0,8836774728.408018,1104596841.0510023
solns/spitfireStrongpartitionall_gpuv100_nodelistspitfire-ng01_steps10000_backendcuda_caware1_order3_precisiondouble_nodes2_tasks8_hex96,degrees_of_freedom.dat,spitfireStrong,all,v100,spitfire-ng01,10000,cuda,1,3,double,2,8.0,hex,96,1097440000.0,10544380984.730732,1318047623.0913415
solns/spitfireStrongpartitionall_gpuv100_nodelistspitfire-ng01_steps10000_backendcuda_caware0_order3_precisiondouble_nodes2_tasks8_hex32,degrees_of_freedom.dat,spitfireStrong,all,v100,spitfire-ng01,10000,cuda,0,3,double,2,8.0,hex,32,38132480.0,3563255776.00208,445406972.00026
solns/spitfireStrongpartitionall_gpuv100_nodelistspitfire-ng01_steps10000_backendcuda_caware0_order3_precisiondouble_nodes2_tasks8_hex96,degrees_of_freedom.dat,spitfireStrong,all,v100,spitfire-ng01,10000,cuda,0,3,double,2,8.0,hex,96,1097440000.0,7772350644.75182,971543830.5939775
solns/spitfireStrongpartitionall_gpuv100_nodelistspitfire-ng01_steps10000_backendcuda_caware1_order3_precisiondouble_nodes2_tasks8_hex64,degrees_of_freedom.dat,spitfireStrong,all,v100,spitfire-ng01,10000,cuda,1,3,double,2,8.0,hex,64,320060160.0,9041888697.082926,1130236087.1353657
solns/spitfireStrongpartitionall_gpuv100_nodelistspitfire-ng01_steps10000_backendcuda_caware0_order3_precisiondouble_nodes4_tasks16_hex64,degrees_of_freedom.dat,spitfireStrong,all,v100,spitfire-ng01,10000,cuda,0,3,double,4,16.0,hex,64,320060160.0,9095418790.494051,568463674.4058782
solns/spitfireStrongpartitionall_gpuv100_nodelistspitfire-ng01_steps10000_backendcuda_caware1_order3_precisiondouble_nodes4_tasks16_hex128,degrees_of_freedom.dat,spitfireStrong,all,v100,spitfire-ng01,10000,cuda,1,3,double,4,16.0,hex,128,2621930240.0,16366613793.043934,1022913362.0652459
solns/spitfireStrongpartitionall_gpuv100_nodelistspitfire-ng01_steps10000_backendcuda_caware0_order3_precisiondouble_nodes4_tasks16_hex96,degrees_of_freedom.dat,spitfireStrong,all,v100,spitfire-ng01,10000,cuda,0,3,double,4,16.0,hex,96,1097440000.0,12047914638.083315,752994664.8802072
solns/spitfireStrongpartitionall_gpuv100_nodelistspitfire-ng01_steps10000_backendopencl_caware0_order3_precisiondouble_nodes4_tasks16_hex32,degrees_of_freedom.dat,spitfireStrong,all,v100,spitfire-ng01,10000,opencl,0,3,double,4,16.0,hex,32,38132480.0,2582989226.769877,161436826.6731173
solns/spitfireStrongpartitionall_gpuv100_nodelistspitfire-ng01_steps10000_backendcuda_caware1_order3_precisiondouble_nodes4_tasks16_hex64,degrees_of_freedom.dat,spitfireStrong,all,v100,spitfire-ng01,10000,cuda,1,3,double,4,16.0,hex,64,320060160.0,11418375170.453194,713648448.1533246
solns/spitfireStrongpartitionall_gpuv100_nodelistspitfire-ng01_steps10000_backendcuda_caware0_order3_precisiondouble_nodes4_tasks16_hex128,degrees_of_freedom.dat,spitfireStrong,all,v100,spitfire-ng01,10000,cuda,0,3,double,4,16.0,hex,128,2621930240.0,13984258123.109737,874016132.6943586
solns/spitfireStrongpartitionall_gpuv100_nodelistspitfire-ng01_steps10000_backendcuda_caware1_order3_precisiondouble_nodes4_tasks16_hex32,degrees_of_freedom.dat,spitfireStrong,all,v100,spitfire-ng01,10000,cuda,1,3,double,4,16.0,hex,32,38132480.0,4088327463.346229,255520466.45913932
solns/spitfireStrongpartitionall_gpuv100_nodelistspitfire-ng01_steps10000_backendcuda_caware1_order3_precisiondouble_nodes4_tasks16_hex96,degrees_of_freedom.dat,spitfireStrong,all,v100,spitfire-ng01,10000,cuda,1,3,double,4,16.0,hex,96,1097440000.0,14830451334.722261,926903208.4201413
solns/spitfireStrongpartitionall_gpuv100_nodelistspitfire-ng01_steps10000_backendopencl_caware0_order3_precisiondouble_nodes4_tasks16_hex128,degrees_of_freedom.dat,spitfireStrong,all,v100,spitfire-ng01,10000,opencl,0,3,double,4,16.0,hex,128,2621930240.0,14521264844.840832,907579052.802552
solns/spitfireStrongpartitionall_gpuv100_nodelistspitfire-ng01_steps10000_backendcuda_caware0_order3_precisiondouble_nodes4_tasks16_hex32,degrees_of_freedom.dat,spitfireStrong,all,v100,spitfire-ng01,10000,cuda,0,3,double,4,16.0,hex,32,38132480.0,3558952685.503355,222434542.8439597
solns/spitfireStrongpartitionall_gpuv100_nodelistspitfire-ng01_steps10000_backendopencl_caware0_order3_precisiondouble_nodes4_tasks16_hex96,degrees_of_freedom.dat,spitfireStrong,all,v100,spitfire-ng01,10000,opencl,0,3,double,4,16.0,hex,96,1097440000.0,12208027357.71553,763001709.8572206
solns/spitfireStrongpartitionall_gpuv100_nodelistspitfire-ng01_steps10000_backendopencl_caware0_order3_precisiondouble_nodes4_tasks16_hex64,degrees_of_freedom.dat,spitfireStrong,all,v100,spitfire-ng01,10000,opencl,0,3,double,4,16.0,hex,64,320060160.0,8542315099.867009,533894693.7416881
solns/spitfireStrongpartitionall_gpuv100_nodelistspitfire-ng01_steps10000_backendcuda_caware1_order3_precisiondouble_nodes8_tasks32_hex96,degrees_of_freedom.dat,spitfireStrong,all,v100,spitfire-ng01,10000,cuda,1,3,double,8,32.0,hex,96,1097440000.0,19374406599.523724,605450206.2351164
solns/spitfireStrongpartitionall_gpuv100_nodelistspitfire-ng01_steps10000_backendopencl_caware0_order3_precisiondouble_nodes8_tasks32_hex64,degrees_of_freedom.dat,spitfireStrong,all,v100,spitfire-ng01,10000,opencl,0,3,double,8,32.0,hex,64,320060160.0,10401010669.95292,325031583.4360288
solns/spitfireStrongpartitionall_gpuv100_nodelistspitfire-ng01_steps10000_backendcuda_caware0_order3_precisiondouble_nodes8_tasks32_hex32,degrees_of_freedom.dat,spitfireStrong,all,v100,spitfire-ng01,10000,cuda,0,3,double,8,32.0,hex,32,38132480.0,4004619707.194057,125144365.84981428
solns/spitfireStrongpartitionall_gpuv100_nodelistspitfire-ng01_steps10000_backendcuda_caware0_order3_precisiondouble_nodes8_tasks32_hex256,degrees_of_freedom.dat,spitfireStrong,all,v100,spitfire-ng01,10000,cuda,0,3,double,8,32.0,hex,256,21224160000.0,33467839106.292957,1045869972.0716549
solns/spitfireStrongpartitionall_gpuv100_nodelistspitfire-ng01_steps10000_backendcuda_caware0_order3_precisiondouble_nodes8_tasks32_hex96,degrees_of_freedom.dat,spitfireStrong,all,v100,spitfire-ng01,10000,cuda,0,3,double,8,32.0,hex,96,1097440000.0,16712536546.480043,522266767.07750136
solns/spitfireStrongpartitionall_gpuv100_nodelistspitfire-ng01_steps10000_backendopencl_caware0_order3_precisiondouble_nodes8_tasks32_hex96,degrees_of_freedom.dat,spitfireStrong,all,v100,spitfire-ng01,10000,opencl,0,3,double,8,32.0,hex,96,1097440000.0,16375095252.066942,511721726.62709194
solns/spitfireStrongpartitionall_gpuv100_nodelistspitfire-ng01_steps10000_backendcuda_caware1_order3_precisiondouble_nodes8_tasks32_hex32,degrees_of_freedom.dat,spitfireStrong,all,v100,spitfire-ng01,10000,cuda,1,3,double,8,32.0,hex,32,38132480.0,3802988111.286147,118843378.4776921
solns/spitfireStrongpartitionall_gpuv100_nodelistspitfire-ng01_steps10000_backendcuda_caware1_order3_precisiondouble_nodes8_tasks32_hex256,degrees_of_freedom.dat,spitfireStrong,all,v100,spitfire-ng01,10000,cuda,1,3,double,8,32.0,hex,256,21224160000.0,37678243392.83517,1177445106.026099
solns/spitfireStrongpartitionall_gpuv100_nodelistspitfire-ng01_steps10000_backendcuda_caware1_order3_precisiondouble_nodes8_tasks32_hex128,degrees_of_freedom.dat,spitfireStrong,all,v100,spitfire-ng01,10000,cuda,1,3,double,8,32.0,hex,128,2621930240.0,25548585863.92386,798393308.2476206
solns/spitfireStrongpartitionall_gpuv100_nodelistspitfire-ng01_steps10000_backendopencl_caware0_order3_precisiondouble_nodes8_tasks32_hex32,degrees_of_freedom.dat,spitfireStrong,all,v100,spitfire-ng01,10000,opencl,0,3,double,8,32.0,hex,32,38132480.0,2163726475.590993,67616452.36221853
solns/spitfireStrongpartitionall_gpuv100_nodelistspitfire-ng01_steps10000_backendcuda_caware1_order3_precisiondouble_nodes8_tasks32_hex64,degrees_of_freedom.dat,spitfireStrong,all,v100,spitfire-ng01,10000,cuda,1,3,double,8,32.0,hex,64,320060160.0,14325766083.230162,447680190.10094255
solns/spitfireStrongpartitionall_gpuv100_nodelistspitfire-ng01_steps10000_backendcuda_caware0_order3_precisiondouble_nodes8_tasks32_hex128,degrees_of_freedom.dat,spitfireStrong,all,v100,spitfire-ng01,10000,cuda,0,3,double,8,32.0,hex,128,2621930240.0,20795530464.360096,649860327.011253
solns/spitfireStrongpartitionall_gpuv100_nodelistspitfire-ng01_steps10000_backendcuda_caware0_order3_precisiondouble_nodes8_tasks32_hex64,degrees_of_freedom.dat,spitfireStrong,all,v100,spitfire-ng01,10000,cuda,0,3,double,8,32.0,hex,64,320060160.0,12506071008.121468,390814719.00379586
solns/spitfireStrongpartitionall_gpuv100_nodelistspitfire-ng01_steps10000_backendopencl_caware0_order3_precisiondouble_nodes8_tasks32_hex128,degrees_of_freedom.dat,spitfireStrong,all,v100,spitfire-ng01,10000,opencl,0,3,double,8,32.0,hex,128,2621930240.0,22028331543.41467,688385360.7317084
solns/spitfireStrongpartitionall_gpuv100_nodelistspitfire-ng01_steps10000_backendopencl_caware0_order3_precisiondouble_nodes16_tasks64_hex32,degrees_of_freedom.dat,spitfireStrong,all,v100,spitfire-ng01,10000,opencl,0,3,double,16,64.0,hex,32,38132480.0,2354132546.402544,36783321.03753975
solns/spitfireStrongpartitionall_gpuv100_nodelistspitfire-ng01_steps10000_backendcuda_caware0_order3_precisiondouble_nodes16_tasks64_hex128,degrees_of_freedom.dat,spitfireStrong,all,v100,spitfire-ng01,10000,cuda,0,3,double,16,64.0,hex,128,2621930240.0,32765611521.207024,511962680.01885974
solns/spitfireStrongpartitionall_gpuv100_nodelistspitfire-ng01_steps10000_backendopencl_caware0_order3_precisiondouble_nodes16_tasks64_hex64,degrees_of_freedom.dat,spitfireStrong,all,v100,spitfire-ng01,10000,opencl,0,3,double,16,64.0,hex,64,320060160.0,12712938075.031155,198639657.4223618
solns/spitfireStrongpartitionall_gpuv100_nodelistspitfire-ng01_steps10000_backendcuda_caware1_order3_precisiondouble_nodes16_tasks64_hex64,degrees_of_freedom.dat,spitfireStrong,all,v100,spitfire-ng01,10000,cuda,1,3,double,16,64.0,hex,64,320060160.0,17956502705.756676,280570354.77744806
solns/spitfireStrongpartitionall_gpuv100_nodelistspitfire-ng01_steps10000_backendopencl_caware0_order3_precisiondouble_nodes16_tasks64_hex96,degrees_of_freedom.dat,spitfireStrong,all,v100,spitfire-ng01,10000,opencl,0,3,double,16,64.0,hex,96,1097440000.0,22705217467.948257,354769022.9366915
solns/spitfireStrongpartitionall_gpuv100_nodelistspitfire-ng01_steps10000_backendopencl_caware0_order3_precisiondouble_nodes16_tasks64_hex128,degrees_of_freedom.dat,spitfireStrong,all,v100,spitfire-ng01,10000,opencl,0,3,double,16,64.0,hex,128,2621930240.0,32780917677.499466,512201838.71092916
solns/spitfireStrongpartitionall_gpuv100_nodelistspitfire-ng01_steps10000_backendcuda_caware0_order3_precisiondouble_nodes16_tasks64_hex96,degrees_of_freedom.dat,spitfireStrong,all,v100,spitfire-ng01,10000,cuda,0,3,double,16,64.0,hex,96,1097440000.0,27133545548.569283,423961649.19639504
solns/spitfireStrongpartitionall_gpuv100_nodelistspitfire-ng01_steps10000_backendcuda_caware0_order3_precisiondouble_nodes16_tasks64_hex64,degrees_of_freedom.dat,spitfireStrong,all,v100,spitfire-ng01,10000,cuda,0,3,double,16,64.0,hex,64,320060160.0,16401335238.73907,256270863.10529798
solns/spitfireStrongpartitionall_gpuv100_nodelistspitfire-ng01_steps10000_backendcuda_caware0_order3_precisiondouble_nodes16_tasks64_hex32,degrees_of_freedom.dat,spitfireStrong,all,v100,spitfire-ng01,10000,cuda,0,3,double,16,64.0,hex,32,38132480.0,4420625038.435567,69072266.22555573
solns/spitfireStrongpartitionall_gpuv100_nodelistspitfire-ng01_steps10000_backendcuda_caware1_order3_precisiondouble_nodes16_tasks64_hex32,degrees_of_freedom.dat,spitfireStrong,all,v100,spitfire-ng01,10000,cuda,1,3,double,16,64.0,hex,32,38132480.0,3877770280.479359,60590160.63248999
solns/spitfireStrongpartitionall_gpuv100_nodelistspitfire-ng01_steps10000_backendcuda_caware1_order3_precisiondouble_nodes16_tasks64_hex96,degrees_of_freedom.dat,spitfireStrong,all,v100,spitfire-ng01,10000,cuda,1,3,double,16,64.0,hex,96,1097440000.0,30100431648.712406,470319244.51113135
solns/spitfireStrongpartitionall_gpuv100_nodelistspitfire-ng01_steps10000_backendcuda_caware0_order3_precisiondouble_nodes16_tasks64_hex256,degrees_of_freedom.dat,spitfireStrong,all,v100,spitfire-ng01,10000,cuda,0,3,double,16,64.0,hex,256,21224160000.0,55860874399.15497,872826162.4867964
solns/spitfireStrongpartitionall_gpuv100_nodelistspitfire-ng01_steps10000_backendcuda_caware1_order3_precisiondouble_nodes16_tasks64_hex256,degrees_of_freedom.dat,spitfireStrong,all,v100,spitfire-ng01,10000,cuda,1,3,double,16,64.0,hex,256,21224160000.0,63181779681.46063,987215307.5228224
solns/spitfireStrongpartitionall_gpuv100_nodelistspitfire-ng01_steps10000_backendcuda_caware1_order3_precisiondouble_nodes16_tasks64_hex128,degrees_of_freedom.dat,spitfireStrong,all,v100,spitfire-ng01,10000,cuda,1,3,double,16,64.0,hex,128,2621930240.0,38351097147.30583,599235892.9266536
solns/spitfireStrongpartitionall_gpuv100_nodelistspitfire-ng01_steps10000_backendcuda_caware1_order3_precisiondouble_nodes20_tasks80_hex96,degrees_of_freedom.dat,spitfireStrong,all,v100,spitfire-ng01,10000,cuda,1,3,double,20,80.0,hex,96,1097440000.0,28976793186.00296,362209914.825037
solns/spitfireStrongpartitionall_gpuv100_nodelistspitfire-ng01_steps10000_backendopencl_caware0_order3_precisiondouble_nodes20_tasks80_hex64,degrees_of_freedom.dat,spitfireStrong,all,v100,spitfire-ng01,10000,opencl,0,3,double,20,80.0,hex,64,320060160.0,12605411253.628002,157567640.67035002
solns/spitfireStrongpartitionall_gpuv100_nodelistspitfire-ng01_steps10000_backendcuda_caware0_order3_precisiondouble_nodes20_tasks80_hex96,degrees_of_freedom.dat,spitfireStrong,all,v100,spitfire-ng01,10000,cuda,0,3,double,20,80.0,hex,96,1097440000.0,27456253263.336353,343203165.7917044
solns/spitfireStrongpartitionall_gpuv100_nodelistspitfire-ng01_steps10000_backendopencl_caware0_order3_precisiondouble_nodes20_tasks80_hex128,degrees_of_freedom.dat,spitfireStrong,all,v100,spitfire-ng01,10000,opencl,0,3,double,20,80.0,hex,128,2621930240.0,33965358566.421974,424566982.0802747
solns/spitfireStrongpartitionall_gpuv100_nodelistspitfire-ng01_steps10000_backendcuda_caware1_order3_precisiondouble_nodes20_tasks80_hex32,degrees_of_freedom.dat,spitfireStrong,all,v100,spitfire-ng01,10000,cuda,1,3,double,20,80.0,hex,32,38132480.0,3530182696.084106,44127283.701051325
solns/spitfireStrongpartitionall_gpuv100_nodelistspitfire-ng01_steps10000_backendcuda_caware0_order3_precisiondouble_nodes20_tasks80_hex64,degrees_of_freedom.dat,spitfireStrong,all,v100,spitfire-ng01,10000,cuda,0,3,double,20,80.0,hex,64,320060160.0,16974787299.455465,212184841.24319333
solns/spitfireStrongpartitionall_gpuv100_nodelistspitfire-ng01_steps10000_backendcuda_caware0_order3_precisiondouble_nodes20_tasks80_hex256,degrees_of_freedom.dat,spitfireStrong,all,v100,spitfire-ng01,10000,cuda,0,3,double,20,80.0,hex,256,,,
solns/spitfireStrongpartitionall_gpuv100_nodelistspitfire-ng01_steps10000_backendcuda_caware1_order3_precisiondouble_nodes20_tasks80_hex64,degrees_of_freedom.dat,spitfireStrong,all,v100,spitfire-ng01,10000,cuda,1,3,double,20,80.0,hex,64,320060160.0,16520415940.694431,206505199.2586804
solns/spitfireStrongpartitionall_gpuv100_nodelistspitfire-ng01_steps10000_backendopencl_caware0_order3_precisiondouble_nodes20_tasks80_hex96,degrees_of_freedom.dat,spitfireStrong,all,v100,spitfire-ng01,10000,opencl,0,3,double,20,80.0,hex,96,1097440000.0,24969822239.9576,312122777.99947
solns/spitfireStrongpartitionall_gpuv100_nodelistspitfire-ng01_steps10000_backendopencl_caware0_order3_precisiondouble_nodes20_tasks80_hex32,degrees_of_freedom.dat,spitfireStrong,all,v100,spitfire-ng01,10000,opencl,0,3,double,20,80.0,hex,32,38132480.0,2209704481.725771,27621306.021572135
solns/spitfireStrongpartitionall_gpuv100_nodelistspitfire-ng01_steps10000_backendcuda_caware0_order3_precisiondouble_nodes20_tasks80_hex32,degrees_of_freedom.dat,spitfireStrong,all,v100,spitfire-ng01,10000,cuda,0,3,double,20,80.0,hex,32,38132480.0,4279388992.767669,53492362.40959586
solns/spitfireStrongpartitionall_gpuv100_nodelistspitfire-ng01_steps10000_backendcuda_caware1_order3_precisiondouble_nodes20_tasks80_hex128,degrees_of_freedom.dat,spitfireStrong,all,v100,spitfire-ng01,10000,cuda,1,3,double,20,80.0,hex,128,2621930240.0,38108212218.51467,476352652.7314334
solns/spitfireStrongpartitionall_gpuv100_nodelistspitfire-ng01_steps10000_backendcuda_caware0_order3_precisiondouble_nodes20_tasks80_hex128,degrees_of_freedom.dat,spitfireStrong,all,v100,spitfire-ng01,10000,cuda,0,3,double,20,80.0,hex,128,2621930240.0,34929726758.91799,436621584.4864749
solns/spitfireWeakpartitionall_gpuv100_nodelistspitfire-ng01_steps10000_backendcuda_caware1_order3_precisiondouble_nodes1_tasks1_hex80,degrees_of_freedom.dat,spitfireWeak,all,v100,spitfire-ng01,10000,cuda,1,3,double,1,1.0,hex,80,631089920.0,1636134629.44573,1636134629.44573
solns/spitfireWeakpartitionall_gpuv100_nodelistspitfire-ng01_steps10000_backendopencl_caware0_order3_precisiondouble_nodes1_tasks1_hex48,degrees_of_freedom.dat,spitfireWeak,all,v100,spitfire-ng01,10000,opencl,0,3,double,1,1.0,hex,48,132893440.0,1624434798.75055,1624434798.75055
solns/spitfireWeakpartitionall_gpuv100_nodelistspitfire-ng01_steps10000_backendcuda_caware0_order3_precisiondouble_nodes1_tasks1_hex80,degrees_of_freedom.dat,spitfireWeak,all,v100,spitfire-ng01,10000,cuda,0,3,double,1,1.0,hex,80,631089920.0,1636161766.338724,1636161766.338724
solns/spitfireWeakpartitionall_gpuv100_nodelistspitfire-ng01_steps10000_backendcuda_caware1_order3_precisiondouble_nodes1_tasks1_hex48,degrees_of_freedom.dat,spitfireWeak,all,v100,spitfire-ng01,10000,cuda,1,3,double,1,1.0,hex,48,132893440.0,1651946911.574519,1651946911.574519
solns/spitfireWeakpartitionall_gpuv100_nodelistspitfire-ng01_steps10000_backendcuda_caware0_order3_precisiondouble_nodes1_tasks1_hex48,degrees_of_freedom.dat,spitfireWeak,all,v100,spitfire-ng01,10000,cuda,0,3,double,1,1.0,hex,48,132893440.0,1651955699.684592,1651955699.684592
solns/spitfireWeakpartitionall_gpuv100_nodelistspitfire-ng01_steps10000_backendcuda_caware1_order3_precisiondouble_nodes1_tasks2_hex60,degrees_of_freedom.dat,spitfireWeak,all,v100,spitfire-ng01,10000,cuda,1,3,double,1,2.0,hex,60,262885120.0,3271021053.093218,1635510526.546609
solns/spitfireWeakpartitionall_gpuv100_nodelistspitfire-ng01_steps10000_backendcuda_caware0_order3_precisiondouble_nodes1_tasks2_hex60,degrees_of_freedom.dat,spitfireWeak,all,v100,spitfire-ng01,10000,cuda,0,3,double,1,2.0,hex,60,262885120.0,2710789340.064665,1355394670.0323324
solns/spitfireWeakpartitionall_gpuv100_nodelistspitfire-ng01_steps10000_backendopencl_caware0_order3_precisiondouble_nodes1_tasks2_hex60,degrees_of_freedom.dat,spitfireWeak,all,v100,spitfire-ng01,10000,opencl,0,3,double,1,2.0,hex,60,262885120.0,2877559577.319616,1438779788.659808
solns/spitfireWeakpartitionall_gpuv100_nodelistspitfire-ng01_steps10000_backendcuda_caware0_order3_precisiondouble_nodes1_tasks2_hex101,degrees_of_freedom.dat,spitfireWeak,all,v100,spitfire-ng01,10000,cuda,0,3,double,1,2.0,hex,101,1280000000.0,3019361443.211839,1509680721.6059196
solns/spitfireWeakpartitionall_gpuv100_nodelistspitfire-ng01_steps10000_backendcuda_caware1_order3_precisiondouble_nodes1_tasks2_hex101,degrees_of_freedom.dat,spitfireWeak,all,v100,spitfire-ng01,10000,cuda,1,3,double,1,2.0,hex,101,1280000000.0,3225058948.252021,1612529474.1260104
solns/spitfireWeakpartitionall_gpuv100_nodelistspitfire-ng01_steps10000_backendcuda_caware1_order3_precisiondouble_nodes1_tasks4_hex76,degrees_of_freedom.dat,spitfireWeak,all,v100,spitfire-ng01,10000,cuda,1,3,double,1,4.0,hex,76,540000000.0,6351489433.019949,1587872358.2549872
solns/spitfireWeakpartitionall_gpuv100_nodelistspitfire-ng01_steps10000_backendcuda_caware0_order3_precisiondouble_nodes1_tasks4_hex127,degrees_of_freedom.dat,spitfireWeak,all,v100,spitfire-ng01,10000,cuda,0,3,double,1,4.0,hex,127,2560481280.0,5415984821.548099,1353996205.3870246
solns/spitfireWeakpartitionall_gpuv100_nodelistspitfire-ng01_steps10000_backendopencl_caware0_order3_precisiondouble_nodes1_tasks4_hex76,degrees_of_freedom.dat,spitfireWeak,all,v100,spitfire-ng01,10000,opencl,0,3,double,1,4.0,hex,76,540000000.0,5101088039.661861,1275272009.9154654
solns/spitfireWeakpartitionall_gpuv100_nodelistspitfire-ng01_steps10000_backendcuda_caware1_order3_precisiondouble_nodes1_tasks4_hex127,degrees_of_freedom.dat,spitfireWeak,all,v100,spitfire-ng01,10000,cuda,1,3,double,1,4.0,hex,127,2560481280.0,6364941954.792538,1591235488.6981344
solns/spitfireWeakpartitionall_gpuv100_nodelistspitfire-ng01_steps10000_backendcuda_caware0_order3_precisiondouble_nodes1_tasks4_hex76,degrees_of_freedom.dat,spitfireWeak,all,v100,spitfire-ng01,10000,cuda,0,3,double,1,4.0,hex,76,540000000.0,4842234255.100983,1210558563.7752457
solns/spitfireWeakpartitionall_gpuv100_nodelistspitfire-ng01_steps10000_backendcuda_caware0_order3_precisiondouble_nodes2_tasks8_hex96,degrees_of_freedom.dat,spitfireWeak,all,v100,spitfire-ng01,10000,cuda,0,3,double,2,8.0,hex,96,1097440000.0,7743695406.209222,967961925.7761527
solns/spitfireWeakpartitionall_gpuv100_nodelistspitfire-ng01_steps10000_backendcuda_caware1_order3_precisiondouble_nodes2_tasks8_hex96,degrees_of_freedom.dat,spitfireWeak,all,v100,spitfire-ng01,10000,cuda,1,3,double,2,8.0,hex,96,1097440000.0,10005556312.650875,1250694539.0813594
solns/spitfireWeakpartitionall_gpuv100_nodelistspitfire-ng01_steps10000_backendcuda_caware0_order3_precisiondouble_nodes2_tasks8_hex160,degrees_of_freedom.dat,spitfireWeak,all,v100,spitfire-ng01,10000,cuda,0,3,double,2,8.0,hex,160,5145189120.0,9237214947.753017,1154651868.4691272
solns/spitfireWeakpartitionall_gpuv100_nodelistspitfire-ng01_steps10000_backendopencl_caware0_order3_precisiondouble_nodes2_tasks8_hex96,degrees_of_freedom.dat,spitfireWeak,all,v100,spitfire-ng01,10000,opencl,0,3,double,2,8.0,hex,96,1097440000.0,6065871055.085172,758233881.8856465
solns/spitfireWeakpartitionall_gpuv100_nodelistspitfire-ng01_steps10000_backendcuda_caware1_order3_precisiondouble_nodes2_tasks8_hex160,degrees_of_freedom.dat,spitfireWeak,all,v100,spitfire-ng01,10000,cuda,1,3,double,2,8.0,hex,160,5145189120.0,12124376442.264568,1515547055.283071
solns/spitfireWeakpartitionall_gpuv100_nodelistspitfire-ng01_steps10000_backendcuda_caware0_order3_precisiondouble_nodes4_tasks16_hex121,degrees_of_freedom.dat,spitfireWeak,all,v100,spitfire-ng01,10000,cuda,0,3,double,4,16.0,hex,121,2211840000.0,14228287022.806385,889267938.9253991
solns/spitfireWeakpartitionall_gpuv100_nodelistspitfire-ng01_steps10000_backendcuda_caware1_order3_precisiondouble_nodes4_tasks16_hex121,degrees_of_freedom.dat,spitfireWeak,all,v100,spitfire-ng01,10000,cuda,1,3,double,4,16.0,hex,121,2211840000.0,16627403855.039349,1039212740.9399593
solns/spitfireWeakpartitionall_gpuv100_nodelistspitfire-ng01_steps10000_backendopencl_caware0_order3_precisiondouble_nodes4_tasks16_hex121,degrees_of_freedom.dat,spitfireWeak,all,v100,spitfire-ng01,10000,opencl,0,3,double,4,16.0,hex,121,2211840000.0,11463462701.699818,716466418.8562386
solns/spitfireWeakpartitionall_gpuv100_nodelistspitfire-ng01_steps10000_backendcuda_caware0_order3_precisiondouble_nodes4_tasks16_hex202,degrees_of_freedom.dat,spitfireWeak,all,v100,spitfire-ng01,10000,cuda,0,3,double,4,16.0,hex,202,10394369280.0,17194681491.104828,1074667593.1940517
solns/spitfireWeakpartitionall_gpuv100_nodelistspitfire-ng01_steps10000_backendcuda_caware1_order3_precisiondouble_nodes4_tasks16_hex202,degrees_of_freedom.dat,spitfireWeak,all,v100,spitfire-ng01,10000,cuda,1,3,double,4,16.0,hex,202,10394369280.0,20876155956.94981,1304759747.3093631
solns/spitfireWeakpartitionall_gpuv100_nodelistspitfire-ng01_steps10000_backendcuda_caware0_order3_precisiondouble_nodes8_tasks32_hex152,degrees_of_freedom.dat,spitfireWeak,all,v100,spitfire-ng01,10000,cuda,0,3,double,8,32.0,hex,152,4406977280.0,24317187363.615887,759912105.1129965
solns/spitfireWeakpartitionall_gpuv100_nodelistspitfire-ng01_steps10000_backendcuda_caware1_order3_precisiondouble_nodes8_tasks32_hex152,degrees_of_freedom.dat,spitfireWeak,all,v100,spitfire-ng01,10000,cuda,1,3,double,8,32.0,hex,152,4406977280.0,28470943194.234905,889716974.8198408
solns/spitfireWeakpartitionall_gpuv100_nodelistspitfire-ng01_steps10000_backendcuda_caware1_order3_precisiondouble_nodes8_tasks32_hex254,degrees_of_freedom.dat,spitfireWeak,all,v100,spitfire-ng01,10000,cuda,1,3,double,8,32.0,hex,254,20728674560.0,36841671756.958275,1151302242.404946
solns/spitfireWeakpartitionall_gpuv100_nodelistspitfire-ng01_steps10000_backendopencl_caware0_order3_precisiondouble_nodes8_tasks32_hex152,degrees_of_freedom.dat,spitfireWeak,all,v100,spitfire-ng01,10000,opencl,0,3,double,8,32.0,hex,152,4406977280.0,26282635783.909927,821332368.2471852
solns/spitfireWeakpartitionall_gpuv100_nodelistspitfire-ng01_steps10000_backendcuda_caware0_order3_precisiondouble_nodes8_tasks32_hex254,degrees_of_freedom.dat,spitfireWeak,all,v100,spitfire-ng01,10000,cuda,0,3,double,8,32.0,hex,254,20728674560.0,34062992221.49078,1064468506.9215869
solns/spitfireWeakpartitionall_gpuv100_nodelistspitfire-ng01_steps10000_backendopencl_caware0_order3_precisiondouble_nodes16_tasks64_hex192,degrees_of_freedom.dat,spitfireWeak,all,v100,spitfire-ng01,10000,opencl,0,3,double,16,64.0,hex,192,8918874880.0,43817705162.298836,684651643.1609193
solns/spitfireWeakpartitionall_gpuv100_nodelistspitfire-ng01_steps10000_backendcuda_caware1_order3_precisiondouble_nodes16_tasks64_hex320,degrees_of_freedom.dat,spitfireWeak,all,v100,spitfire-ng01,10000,cuda,1,3,double,16,64.0,hex,320,41551051520.0,70800055005.81586,1106250859.4658728
solns/spitfireWeakpartitionall_gpuv100_nodelistspitfire-ng01_steps10000_backendcuda_caware0_order3_precisiondouble_nodes16_tasks64_hex320,degrees_of_freedom.dat,spitfireWeak,all,v100,spitfire-ng01,10000,cuda,0,3,double,16,64.0,hex,320,41551051520.0,65691345490.0881,1026427273.2826265
solns/spitfireWeakpartitionall_gpuv100_nodelistspitfire-ng01_steps10000_backendcuda_caware0_order3_precisiondouble_nodes16_tasks64_hex192,degrees_of_freedom.dat,spitfireWeak,all,v100,spitfire-ng01,10000,cuda,0,3,double,16,64.0,hex,192,8918874880.0,42205751338.003174,659464864.6562996
solns/spitfireWeakpartitionall_gpuv100_nodelistspitfire-ng01_steps10000_backendcuda_caware1_order3_precisiondouble_nodes16_tasks64_hex192,degrees_of_freedom.dat,spitfireWeak,all,v100,spitfire-ng01,10000,cuda,1,3,double,16,64.0,hex,192,8918874880.0,47270987584.72869,738609181.0113858
